size,product_name,retail_price
155/65R14,ECOPIA EP150,12650
155/65R14,NEWNO,11000
155/65R14,セイバーリング SL201,8250
165/65R13,ECOPIA EP150,11000
165/65R13,セイバーリング SL201,7700
175/65R14,ECOPIA EP300,14300
175/65R14,NEWNO,12100
175/65R14,セイバーリング SL201,8800
185/65R15,REGNO GR-XIII,19800
185/65R15,ECOPIA EP300,15400
185/65R15,NEWNO,12650
185/65R15,セイバーリング SL201,9350
195/65R15,REGNO GR-XIII,21450
195/65R15,ECOPIA EP300,17050
195/65R15,NEWNO,14300
195/65R15,セイバーリング SL201,9900
205/55R16,REGNO GR-XIII,24750
205/55R16,ECOPIA EP300,20350
205/55R16,NEWNO,16500
205/55R16,セイバーリング SL201,11550
205/60R16,REGNO GR-XIII,23100
205/60R16,ECOPIA EP300,18700
205/60R16,NEWNO,15400
205/60R16,セイバーリング SL201,10450
215/45R17,REGNO GR-XIII,28600
215/45R17,ECOPIA EP300,23100
215/45R17,POTENZA Sport,39600
215/45R17,セイバーリング SL501,13200
215/50R17,REGNO GR-XIII,27500
215/50R17,ECOPIA EP300,22000
215/50R17,NEWNO,18150
215/50R17,セイバーリング SL501,12650
215/55R17,REGNO GR-XIII,26400
215/55R17,ECOPIA EP300,21450
215/55R17,NEWNO,17600
215/55R17,セイバーリング SL201,12100
225/45R18,REGNO GR-XIII,33000
225/45R18,ECOPIA EP300,27500
225/45R18,POTENZA Sport,44000
225/45R18,セイバーリング SL501,15400
225/50R18,REGNO GR-XIII,31900
225/50R18,ECOPIA EP300,26400
225/50R18,POTENZA Sport,42900
225/50R18,セイバーリング SL501,14850
225/55R18,REGNO GR-XIII,30800
225/55R18,ECOPIA EP300,25300
225/55R18,ALENZA 001,38500
225/55R18,セイバーリング SL201,14300
235/50R18,REGNO GR-XIII,34100
235/50R18,POTENZA Sport,46200
235/50R18,ALENZA 001,39600
235/50R18,セイバーリング SL501,16500
245/40R19,REGNO GR-XIII,39600
245/40R19,POTENZA Sport,55000
245/40R19,セイバーリング SL501,20900
165/60R15,ECOPIA EP150,14850
165/60R15,NEWNO,12650
165/60R15,セイバーリング SL201,9900
